,importance
Strain_perHeavyAtom,0.3431680590709321
A:68:Hydrophobic,0.08498890033830075
A:123:Hydrophobic,0.08306809724470618
A:58:WaterBridge,0.06850514383039635
A:56:Hydrophobic,0.05882407959669033
A:113:Pi-Cation,0.0578694494148487
A:73:WaterBridge,0.05579569415986692
A:56:Pi-Pi,0.0475337961549079
A:66:HBond,0.03530337434479803
A:73:HBond,0.03458732388013048
A:63:HBond,0.028567385483523607
A:123:Pi-Pi,0.021029313853795566
A:71:WaterBridge,0.016730898997036513
A:61:WaterBridge,0.01577019639100805
A:115:Hydrophobic,0.01423470779211056
A:63:WaterBridge,0.009774057171253639
A:66:WaterBridge,0.007342390451557968
A:76:Hydrophobic,0.005420417705953217
A:54:Hydrophobic,0.004645922697275947
A:76:WaterBridge,0.003878368172745101
A:117:WaterBridge,0.002897545736279258
A:223:WaterBridge,6.437443250466106e-05
A:172:WaterBridge,5.030793780147951e-07
A:69:WaterBridge,0.0
A:171:HBond,0.0
A:217:WaterBridge,0.0
A:212:WaterBridge,0.0
A:56:HBond,0.0
A:76:HBond,0.0
A:75:WaterBridge,0.0
A:171:WaterBridge,0.0
A:170:WaterBridge,0.0
A:78:HBond,0.0
A:168:HBond,0.0
A:170:HBond,0.0
A:72:WaterBridge,0.0
A:68:WaterBridge,0.0
A:71:HBond,0.0
A:208:WaterBridge,0.0
A:147:Hydrophobic,0.0
A:172:HBond,0.0
A:168:WaterBridge,0.0
A:223:HBond,0.0
