Molecule,A:63:HBond,A:66:HBond,A:115:Hydrophobic,A:123:Hydrophobic,A:56:Hydrophobic,A:68:Hydrophobic,A:113:Pi-Cation,A:56:Pi-Pi,A:58:WaterBridge,A:73:WaterBridge,A:76:Hydrophobic,A:61:WaterBridge,A:73:HBond,A:208:WaterBridge,A:223:WaterBridge,A:66:WaterBridge,A:71:WaterBridge,A:54:Hydrophobic,A:69:WaterBridge,A:123:Pi-Pi,A:63:WaterBridge,A:76:WaterBridge,A:117:WaterBridge,A:172:WaterBridge,A:168:WaterBridge,A:172:HBond,A:147:Hydrophobic,A:223:HBond,A:71:HBond,A:68:WaterBridge,A:72:WaterBridge,A:168:HBond,A:170:HBond,A:171:HBond,A:78:HBond,A:170:WaterBridge,A:171:WaterBridge,A:75:WaterBridge,A:76:HBond,A:56:HBond,A:212:WaterBridge,A:217:WaterBridge,Strain_perHeavyAtom,pIC50
Compound_1,0.9811,2.1964,0.333,0.5083,0.6182,0.3463,0.6959,0.5083,0.5738,0.9312,0.374,0.5438,0.6093,0,0,0,0.3796,0,0,0,0,0,0,0,0,0,0,0,0,0,0,0,0,0,0,0,0,0,0,0,0,0,0.0721,8.045757491
Compound_1,0.9922,2.2209,0.404,0.475,0.6604,0.5083,0.8213,0.4828,0.4806,1.0799,0.3119,0.4784,0.5916,0,0,0.4162,0.4295,0,0,0,0,0,0,0,0,0,0,0,0,0,0,0,0,0,0,0,0,0,0,0,0,0,0.0721,8.045757491
Compound_1,0.9834,2.3541,0.3807,0.4861,0.5816,0.5017,0.9145,0.515,0.505,0.9323,0,0.5205,0.4351,0,0,0,0.3518,0,0,0,0,0,0,0,0,0,0,0,0,0,0,0,0,0,0,0,0,0,0,0,0,0,0.0721,8.045757491
Compound_10,0.9889,2.3729,0.394,0.4695,0.6038,0.3885,0.8946,0.4295,0.5028,0.495,0,0,0,0,0,0,0,0,0,0,0,0,0,0,0,0,0,0,0,0,0,0,0,0,0,0,0,0,0,0,0,0,0.0843,7.795880017
Compound_10,0.9922,2.3352,0.4428,0.4606,0.6515,0.3074,0.9256,0.3685,0.4495,0.899,0.3208,0.3474,0,0,0,0,0,0,0,0,0,0,0,0,0,0,0,0,0,0,0,0,0,0,0,0,0,0,0,0,0,0,0.0843,7.795880017
Compound_10,0.9878,2.3674,0.4129,0.4584,0.5805,0.4195,0.8923,0.434,0.4251,0.6937,0.3374,0.4451,0,0,0,0,0,0,0,0,0,0,0,0,0,0,0,0,0,0,0,0,0,0,0,0,0,0,0,0,0,0,0.0843,7.795880017
Compound_11,0.9945,2.1154,0.3263,0.424,0.6959,0.3441,0.9678,0.3063,0.3452,0.9412,0,0,0.6426,0.4517,0.6826,0.3463,0.3541,0,0,0,0,0,0,0,0,0,0,0,0,0,0,0,0,0,0,0,0,0,0,0,0,0,0.0896,7.508638306
Compound_11,0.9867,2.2941,0.3651,0.4817,0.6127,0.4495,0.8624,0.4906,0.5483,0.9356,0,0.465,0.6515,0,0,0,0.394,0,0,0,0,0,0,0,0,0,0,0,0,0,0,0,0,0,0,0,0,0,0,0,0,0,0.0896,7.508638306
Compound_11,0.99,2.3074,0.3452,0.4329,0.818,0.3873,0.8935,0.4972,0.4084,0.9034,0,0.3585,0.5605,0,0,0,0.3296,0,0,0,0,0,0,0,0,0,0,0,0,0,0,0,0,0,0,0,0,0,0,0,0,0,0.0896,7.508638306
Compound_12,0.99,2.2697,0.3851,0.4417,0.7691,0.4428,0.939,0.4107,0.3185,1.0488,0,0,0.5627,0,0,0.3219,0.3507,0,0,0,0,0,0,0,0,0,0,0,0,0,0,0,0,0,0,0,0,0,0,0,0,0,0.0134,7.657577319
Compound_12,0.9811,2.0943,0.3984,0.4717,0.6637,0.4573,0.8091,0.4761,0.4595,1.2286,0,0,0.3307,0,0,0.3807,0,0.3774,0,0,0,0,0,0,0,0,0,0,0,0,0,0,0,0,0,0,0,0,0,0,0,0,0.0134,7.657577319
Compound_12,0.9645,2.1909,0.3896,0.4206,0.7059,0.3529,0.8069,0.4983,0.5361,1.0422,0.3751,0.3973,0.7248,0,0,0.3907,0.4584,0,0,0,0,0,0,0,0,0,0,0,0,0,0,0,0,0,0,0,0,0,0,0,0,0,0.0134,7.657577319
Compound_13,0.99,2.2508,0.4384,0.4795,0.5605,0.3019,0.8979,0.3851,0.4562,0.9623,0,0.3307,0.5683,0,0,0,0.3363,0,0,0,0,0,0,0,0,0,0,0,0,0,0,0,0,0,0,0,0,0,0,0,0,0,0.0821,7.795880017
Compound_13,0.9567,2.5705,0,0.4484,0.7703,0.4573,0.9279,0,0.5893,1.1454,0.3063,0,0,0,0,0.3563,0,0,0,0,0,0,0,0,0,0,0,0,0,0,0,0,0,0,0,0,0,0,0,0,0,0,0.0821,7.795880017
Compound_13,0.99,2.2886,0.4229,0.4628,0.4806,0,0.9179,0.4062,0.4772,0.9711,0,0.5205,0.5228,0,0,0,0.3541,0,0,0,0,0,0,0,0,0,0,0,0,0,0,0,0,0,0,0,0,0,0,0,0,0,0.0821,7.795880017
Compound_14,0.99,2.4806,0.4784,0.4462,0.4828,0,0.9101,0.4928,0.4317,1.4706,0.3651,0,0.606,0,0,0.7469,0.5128,0.545,0.6115,0,0,0,0,0,0,0,0,0,0,0,0,0,0,0,0,0,0,0,0,0,0,0,0.0648,7.229147988
Compound_14,0.99,2.1587,0.4084,0.4617,0.6759,0.5228,0.7414,0.7026,0.5161,1.3219,0.3019,0.3696,0.5594,0,0,0.6238,0.3707,0,0,0,0,0,0,0,0,0,0,0,0,0,0,0,0,0,0,0,0,0,0,0,0,0,0.0648,7.229147988
Compound_14,0.9922,2.5971,0.4306,0.4495,0.7558,0.5949,0.8036,0.6626,0.4528,0.9068,0,0.3307,0.485,0,0,0,0.4517,0,0,0,0,0,0,0,0,0,0,0,0,0,0,0,0,0,0,0,0,0,0,0,0,0,0.0648,7.229147988
Compound_16,0.99,2.2142,0.4306,0.4595,0.6504,0.3174,0.9612,0.3674,0.3796,0.9612,0,0,0.606,0,0,0,0.3363,0,0,0,0,0,0,0,0,0,0,0,0,0,0,0,0,0,0,0,0,0,0,0,0,0,0.0819,8.301029996
Compound_16,0.9945,2.2231,0.424,0.4506,0.5205,0.3707,0.8391,0.4539,0.4317,0.9834,0,0,0.5394,0,0,0,0.3651,0,0,0,0,0,0,0,0,0,0,0,0,0,0,0,0,0,0,0,0,0,0,0,0,0,0.0819,8.301029996
Compound_16,0.9922,2.2875,0.4428,0.5083,0.7103,0.3219,0.9145,0.3729,0.3241,1.0166,0,0,0.6582,0,0,0,0.3707,0,0,0,0,0,0,0,0,0,0,0,0,0,0,0,0,0,0,0,0,0,0,0,0,0,0.0819,8.301029996
Compound_18,0.9922,2.2675,0.3474,0.4417,0.5128,0.3319,0.8468,0.4584,0.4395,0.9778,0,0.3896,0.7225,0,0,0,0.404,0,0,0,0,0,0,0,0,0,0,0,0,0,0,0,0,0,0,0,0,0,0,0,0,0,0.0989,7.443697499
Compound_18,0.9711,2.303,0.3163,0.4706,0.4562,0.3185,0.9767,0,0,0.8513,0,0.7259,0.6193,0,0,0,0.3518,0,0,0.3474,0,0,0,0,0,0,0,0,0,0,0,0,0,0,0,0,0,0,0,0,0,0,0.0989,7.443697499
Compound_18,0.9811,2.2253,0.3407,0.4417,0.5194,0.3041,0.8801,0.3896,0.374,0.9834,0.313,0.3152,0.6659,0,0,0,0.3651,0,0,0,0,0,0,0,0,0,0,0,0,0,0,0,0,0,0,0,0,0,0,0,0,0,0.0989,7.443697499
Compound_19,0.9889,1.8901,0.3774,0,0.8479,0.4129,0.7236,0.4717,0.4062,1.2431,0.3063,0,0.566,0,0,0.6337,0.3596,0,0,0,0,0,0,0,0,0,0,0,0,0,0,0,0,0,0,0,0,0,0,0,0,0,0.0958,7.48148606
Compound_19,0.9445,2.3474,0.3663,0,0.7425,0.4029,0.6493,0.4684,0.626,1.0766,0,0.4983,0.5261,0,0,0.4861,0.4295,0,0,0,0,0,0,0,0,0,0,0,0,0,0,0,0,0,0,0,0,0,0,0,0,0,0.0958,7.48148606
Compound_19,0.9867,2.2331,0.404,0,0.7259,0.3352,0.8446,0.4229,0.4961,1.0144,0,0.5483,0.6537,0,0,0.3774,0.3219,0.3085,0,0.3097,0,0,0,0,0,0,0,0,0,0,0,0,0,0,0,0,0,0,0,0,0,0,0.0958,7.48148606
Compound_2,1.0211,2.2519,0.5128,0.4928,0.576,0.4406,0.8613,0.5549,0.5183,0.9145,0,0,0.8213,0,0,0.6459,0,0,0,0,0.3041,0.4173,0,0,0,0,0,0,0,0,0,0,0,0,0,0,0,0,0,0,0,0,0.0859,7.769551079
Compound_2,1.0255,2.2342,0.4484,0.4639,0.5916,0.3418,0.8147,0.495,0.6127,0.9267,0,0.5949,0.6604,0,0,0,0.3452,0,0,0,0,0.3085,0,0,0,0,0,0,0,0,0,0,0,0,0,0,0,0,0,0,0,0,0.0859,7.769551079
Compound_2,1.0333,2.313,0.4462,0.4917,0.5194,0.3962,0.8735,0.4939,0.6382,0.8424,0.3263,0.4317,0.4883,0,0,0,0.3008,0.3485,0,0,0,0.3097,0,0,0,0,0,0,0,0,0,0,0,0,0,0,0,0,0,0,0,0,0.0859,7.769551079
Compound_20,0.9933,2.4417,0.3319,0.4673,0.7947,0.3119,0.9734,0.414,0.3862,0.9023,0.3596,0,0.6637,0,0,0,0.4717,0,0,0,0,0,0,0,0,0,0,0,0,0,0,0,0,0,0,0,0,0,0,0,0,0,0.0772,5.072629637
Compound_20,0.9678,2.6238,0.3208,0.404,0.7325,0.5982,0.8879,0.485,0.616,1.1731,0.3596,0.3907,0.3596,0,0,0.4895,0.4162,0,0,0,0,0,0,0,0,0,0,0,0,0,0,0,0,0,0,0,0,0,0,0,0,0,0.0772,5.072629637
Compound_20,0.9623,2.4517,0.3185,0.4262,0.5172,0.5716,0.8946,0.3474,0.6326,0.9112,0.3663,0.3008,0.6171,0,0,0.7026,0,0.4906,0,0,0,0,0,0,0,0,0,0,0,0,0,0,0,0,0,0,0,0,0,0,0,0,0.0772,5.072629637
Compound_21,0.9811,2.333,0.364,0.4617,0.7802,0.5316,0.7636,0.5616,0.4917,1.0499,0,0.4173,0.6171,0,0,0.3407,0.414,0,0,0,0,0,0,0,0,0,0,0,0,0,0,0,0,0,0,0,0,0,0,0,0,0,0.0811,7.677780705
Compound_21,0.9933,2.2098,0.4961,0.4362,0.6149,0.5882,0.8923,0.6837,0.4595,1.6138,0.3008,0.4428,0.8357,0,0,0.9356,0.4906,0.3885,0,0,0,0,0,0,0,0,0,0,0,0,0,0,0,0,0,0,0,0,0,0,0,0,0.0811,7.677780705
Compound_21,0.9911,2.323,0.3851,0.5072,0.636,0.3307,0.899,0.485,0.5261,0.7514,0,0.4539,0.5438,0,0,0,0.3463,0,0,0,0,0,0,0,0,0,0,0,0,0,0,0,0,0,0,0,0,0,0,0,0,0,0.0811,7.677780705
Compound_22,0.9922,2.2919,0.4329,0.4673,0.5816,0.3041,0.9612,0.3973,0.3452,0.8768,0,0,0.6282,0,0,0,0.414,0.3074,0,0,0,0,0,0,0,0,0,0,0,0,0,0,0,0,0,0,0,0,0,0,0,0,0.0963,8.522878745
Compound_22,0.9933,2.3363,0.4107,0.5372,0.515,0,0.9123,0.5283,0.4218,0.7947,0,0.3196,0.6138,0,0,0,0.3119,0,0,0,0,0,0,0,0,0,0,0,0,0,0,0,0,0,0,0,0,0,0,0,0,0,0.0963,8.522878745
Compound_22,0.9956,2.4684,0.4495,0.4772,0.6471,0.5416,0.8357,0.576,0.3518,0.8546,0,0.3407,0.4517,0,0,0,0.3052,0,0,0,0,0,0,0,0,0,0,0,0,0,0,0,0,0,0,0,0,0,0,0,0,0,0.0963,8.522878745
Compound_23,0.9656,2.616,0,0.4107,0.9612,0.5117,0.8102,0,0.5527,1.2908,0.3185,0.3885,0,0,0,0.9734,0.5128,0.4384,0,0,0,0,0,0,0,0,0,0,0,0,0,0,0,0,0,0,0,0,0,0,0,0,0.1711,6.707743929
Compound_23,0.9856,2.5028,0.3973,0.4728,0.8468,0.5905,0.8446,0.4795,0.4784,0.4262,0,0.3574,0.8291,0,0,0.4728,0,0,0,0,0,0,0,0,0,0,0,0,0,0,0,0,0,0,0,0,0,0,0,0,0,0,0.1711,6.707743929
Compound_23,0.99,2.1565,0.3774,0.5161,0.8302,0.3108,0.7814,0.3585,0.5383,0.9767,0.3718,0.3541,0.6004,0,0,0.303,0.3663,0,0,0,0,0,0,0,0,0,0,0,0,0,0,0,0,0,0,0,0,0,0,0,0,0,0.1711,6.707743929
Compound_24,0.9856,2.2309,0.3174,0.5006,0.6837,0.3141,0.9423,0.3718,0.3374,1.0577,0,0.313,0.697,0,0,0.3241,0.4306,0,0,0,0,0,0,0,0,0,0,0,0,0,0,0,0,0,0,0,0,0,0,0,0,0,0.0606,8.045757491
Compound_24,0.9834,2.4817,0.3596,0.4806,0.6604,0.4739,0.9179,0.4562,0.5505,0.8069,0,0.5139,0.4395,0.3008,0.4329,0,0.3196,0,0,0,0,0,0,0,0,0,0,0,0,0,0,0,0,0,0,0,0,0,0,0,0,0,0.0606,8.045757491
Compound_24,0.9856,2.2974,0.3474,0.4772,0.6704,0.3951,0.9312,0.4151,0.4972,0.99,0.3185,0.4351,0.4761,0,0,0,0.3418,0,0,0,0,0,0,0,0,0,0,0,0,0,0,0,0,0,0,0,0,0,0,0,0,0,0.0606,8.045757491
Compound_25,0.99,2.5061,0.4528,0.4506,0.6426,0.6326,0.9068,0.7425,0.4218,0.929,0,0.3907,0.5194,0,0,0,0.3751,0.3019,0,0,0,0,0,0,0,0,0,0,0,0,0,0,0,0,0,0,0,0,0,0,0,0,0.0524,7.568636236
Compound_25,0.9878,2.4517,0.4784,0.505,0.7114,0.8036,0.8213,0.7592,0.5028,1.2331,0,0.5139,0.4462,0,0,0.4628,0.4673,0.3374,0,0,0,0,0,0,0,0,0,0,0,0,0,0,0,0,0,0,0,0,0,0,0,0,0.0524,7.568636236
Compound_25,0.9889,2.2531,0.5105,0.4928,0.5594,0.4506,0.8269,0.6182,0.4717,1.1398,0.3418,0.4206,0.6104,0,0,0.4428,0.465,0.4462,0,0,0,0,0,0,0,0,0,0,0,0,0,0,0,0,0,0,0,0,0,0,0,0,0.0524,7.568636236
Compound_26,0.9911,1.8757,0.5183,0.505,0.758,0.3185,0.8979,0.394,0.4495,1.03,0,0.3252,0.535,0,0,0.4451,0.404,0.6415,0,0,0,0,0,0,0,0,0,0,0,0,0,0,0,0,0,0,0,0,0,0,0,0,0.0982,7.823908741
Compound_26,0.9856,2.2564,0.5194,0.5716,0.6837,0,0.9356,0.3152,0.4917,0.8746,0,0.434,0.6082,0,0,0,0.3796,0.6149,0,0,0,0,0,0,0,0,0,0,0,0,0,0,0,0,0,0,0,0,0,0,0,0,0.0982,7.823908741
Compound_26,0.99,2.0821,0.5283,0.5239,0.7481,0.5039,0.9245,0.4939,0.4684,1.1132,0,0.4184,0.6781,0,0,0.4539,0.465,0.5272,0,0,0,0,0,0,0,0,0,0,0,0,0,0,0,0,0,0,0,0,0,0,0,0,0.0982,7.823908741
Compound_27,0.9889,2.2852,0.5638,0.4983,0.5516,0,0.9445,0.4928,0.4484,0.7569,0,0.4184,0.7214,0,0,0,0.404,0.455,0,0,0,0,0,0,0,0,0,0,0,0,0,0,0,0,0,0,0,0,0,0,0,0,0.1104,7.698970004
Compound_27,0.9834,2.1853,0.4795,0.4994,0.606,0,0.9867,0.384,0,1.0755,0,0,0.4928,0,0,0.3485,0.3307,0.4162,0,0,0,0,0,0,0,0,0,0,0,0,0,0,0,0,0,0,0,0,0,0,0,0,0.1104,7.698970004
Compound_27,0.9867,2.3663,0.465,0.465,0.636,0.4306,0.919,0.5105,0.3907,0.9223,0,0.3485,0.485,0,0,0,0.3585,0.3163,0,0,0,0,0,0,0,0,0,0,0,0,0,0,0,0,0,0,0,0,0,0,0,0,0.1104,7.698970004
Compound_28,0.9834,2.0444,0.8313,0.4717,0.707,0.3796,0.909,0.5638,0.3807,1.1332,0.384,0.3363,0.5893,0,0,0.424,0.3918,0.7703,0,0,0,0,0,0,0,0,0,0,0,0,0,0,0,0,0,0,0,0,0,0,0,0,0.101,6.931814138
Compound_28,0.9933,2.2364,0.8124,0.4317,0.5094,0.4051,0.8613,0.6837,0.5671,0.9645,0.3873,0.4806,0.5893,0,0,0,0.4206,0.7059,0,0,0,0,0,0,0,0,0,0,0,0,0,0,0,0,0,0,0,0,0,0,0,0,0.101,6.931814138
Compound_28,0.9889,2.1754,0.7281,0.4306,0.5771,0.4306,0.8801,0.6182,0.5228,0.9756,0.4517,0.3907,0.4151,0,0,0.3785,0.3685,0.727,0,0,0,0,0,0,0,0,0,0,0,0,0,0,0,0,0,0,0,0,0,0,0,0,0.101,6.931814138
Compound_29,0.9933,2.4706,0.3873,0.4351,0.6792,0.6249,1.0078,0.5649,0.3918,0.8479,0,0.3818,0.6659,0,0,0,0.424,0,0,0.3296,0,0,0,0,0,0,0,0,0,0,0,0,0,0,0,0,0,0,0,0,0,0,0.0814,5.165388579
Compound_29,0.9878,2.5283,0.3607,0.3851,0.828,0.6271,1.0289,0.525,0,0.7481,0,0,0.6526,0,0,0,0.4262,0,0,0.3296,0,0,0,0,0,0,0,0,0,0,0,0,0,0,0,0,0,0,0,0,0,0,0.0814,5.165388579
Compound_29,0.9956,2.4129,0.3751,0.4617,0.586,0.586,0.7769,0.6926,0.6337,1.1199,0,0.5128,0.9345,0,0,0.7203,0.4229,0.3563,0,0.3152,0,0,0,0,0,0,0,0,0,0,0,0,0,0,0,0,0,0,0,0,0,0,0.0814,5.165388579
Compound_3,1.0622,2.2531,0.4073,0.4606,0.5738,0.3552,0.8946,0.4617,0.5239,0.7991,0,0.3962,0.5605,0,0,0,0.3374,0,0,0,0,0.4007,0,0,0,0,0,0,0,0,0,0,0,0,0,0,0,0,0,0,0,0,0.1129,7.886056648
Compound_3,1.0699,2.1976,0.374,0.485,0.6093,0.5172,0.6759,0.6992,0.5416,0.9334,0.3463,0.3984,0.6193,0,0,0.4129,0.3984,0,0,0,0,0.3818,0,0,0,0,0.323,0,0,0,0,0,0,0,0,0,0,0,0,0,0,0,0.1129,7.886056648
Compound_3,1.0921,2.2053,0.4206,0.4628,0.5749,0.4428,0.8923,0.4706,0.5927,0.889,0.3407,0.6226,0.616,0.606,0.9745,0,0.374,0.3441,0,0,0,0.3518,0,0.4828,0,0,0,0.6415,0,0,0,0,0,0,0,0,0,0,0,0,0,0,0.1129,7.886056648
Compound_30,0.9878,2.1798,0.3263,0.505,0.6504,0.3407,0.8946,0.3341,0.4118,0.9489,0.333,0.3696,0.6082,0,0,0,0.4062,0,0,0,0,0,0.4883,0,0,0,0,0,0,0,0,0,0,0,0,0,0,0,0,0,0,0,0.0534,8.301029996
Compound_30,0.99,2.0999,0.3885,0.4861,0.8502,0.8024,0.7802,0.6637,0.5139,1.2952,0.3651,0.4417,0.6648,0,0,0.626,0.5072,0,0,0,0,0,0.4573,0,0,0,0,0,0,0,0,0,0,0,0,0,0,0,0,0,0,0,0.0534,8.301029996
Compound_30,0.9822,2.2653,0.3119,0.495,0.5327,0.313,0.9345,0.3285,0.4329,0.8124,0,0.5671,0.626,0,0,0,0.3596,0,0,0,0,0,0.4961,0,0,0,0,0,0,0,0,0,0,0,0,0,0,0,0,0,0,0,0.0534,8.301029996
Compound_31,0.9911,2.1432,0.5205,0.4795,0.636,0.4295,0.8257,0.5472,0.535,0.7347,0,0.3862,0.9001,0,0,0.9034,0,0.7292,0,0,0,0,0,0,0,0,0,0,0,0,0,0,0,0,0,0,0,0,0,0,0,0,0.0759,7.744727495
Compound_31,0.9922,2.3074,0.465,0.505,0.5139,0.3063,0.919,0.455,0.4573,0.9501,0,0.4384,0.6226,0,0,0,0.3418,0.5794,0,0,0,0,0,0,0,0,0,0,0,0,0,0,0,0,0,0,0,0,0,0,0,0,0.0759,7.744727495
Compound_31,0.9922,2.3685,0.4817,0.5516,0.4961,0.4462,0.818,0.6215,0.5405,0.8768,0,0.5716,0.6448,0,0,0,0.384,0.4684,0,0,0,0,0,0,0,0,0,0,0,0,0,0,0,0,0,0,0,0,0,0,0,0,0.0759,7.744727495
Compound_32,0.9878,2.2464,0.3951,0.505,0.6526,0.3285,0.9267,0.3596,0.4684,0.7714,0,0.3951,0.7758,0,0,0,0.4573,0,0,0,0,0,0,0.4495,0,0,0,0,0,0,0,0,0,0,0,0,0,0,0,0,0,0,0.0959,7.744727495
Compound_32,0.9945,2.2386,0.4218,0.4739,0.4595,0.5893,0.8257,0.6171,0.5427,1.081,0,0.444,0.758,0,0,0.7647,0.3363,0,0,0,0,0,0,0.4129,0,0,0,0,0,0,0,0,0,0,0,0,0,0,0,0,0,0,0.0959,7.744727495
Compound_32,0.9922,2.323,0.4007,0.5461,0.5671,0.3463,0.8846,0.4795,0.5105,0.9445,0,0.5194,0.4828,0,0,0,0.3352,0.3152,0,0,0,0,0,0,0,0,0,0,0,0,0,0,0,0,0,0,0,0,0,0,0,0,0.0959,7.744727495
Compound_33,0.9911,2.2786,0.4273,0.5072,0.6371,0.7236,0.7392,0.7203,0.5472,1.0788,0,0.5139,0.5405,0,0,0.4218,0.3774,0,0,0,0,0,0,0,0,0,0,0,0,0,0,0,0,0,0,0,0,0,0,0,0,0,0.1204,8.045757491
Compound_33,0.9933,2.1188,0.4184,0.5072,0.4861,0.4295,0.8646,0.5794,0.5339,1.1876,0,0.3474,0,0,0,0.3374,0,0.4273,0,0,0,0,0,0,0,0,0,0,0,0,0,0,0,0,0,0,0,0,0,0,0,0,0.1204,8.045757491
Compound_33,0.9911,2.3452,0.4029,0.5017,0.5905,0.4528,0.8246,0.5627,0.5261,1.1443,0,0.4928,0.4795,0,0,0.3973,0.3352,0,0,0,0,0,0,0,0,0,0,0,0,0,0,0,0,0,0,0,0,0,0,0,0,0,0.1204,8.045757491
Compound_34,0.9922,2.4384,0.3818,0.5072,0.5594,0.8058,0.8668,0.8024,0.5483,1.0411,0,0.5416,0.4928,0,0,0.3596,0.4084,0.3585,0,0,0,0,0,0,0,0,0,0,0,0,0,0,0,0,0,0,0,0,0,0,0,0,0.0907,8.397940009
Compound_34,0.9967,2.1498,0.3785,0.525,0.4473,0.3474,0.8624,0.4584,0.5039,0.97,0,0.374,0.4317,0,0,0.535,0,0.6504,0,0,0,0,0,0,0.4118,0,0,0,0,0,0,0,0,0,0,0,0,0,0,0,0,0,0.0907,8.397940009
Compound_34,0.9878,2.232,0.3996,0.5083,0.4895,0.3241,0.9012,0.4784,0.5705,0.8624,0,0.4451,0.717,0,0,0.3663,0.465,0.4107,0,0,0,0,0,0,0,0,0,0,0,0,0,0,0,0,0,0,0,0,0,0,0,0,0.0907,8.397940009
Compound_35,0.99,2.2131,0.3596,0.5228,0.4484,0.6537,0.8169,0.7248,0.5505,1.3541,0,0.5683,0.8224,0,0,0.8946,0.444,0,0,0,0,0,0,0,0,0,0,0,0,0,0,0,0,0,0,0,0,0,0,0,0,0,0.0952,7.251811973
Compound_35,0.99,2.2952,0.3629,0.5061,0.4972,0.7947,0.7358,0.8235,0.5638,1.2553,0,0.4784,0.5272,0,0,0.5549,0.4562,0,0,0,0,0,0,0,0,0,0,0,0,0,0,0,0,0,0,0,0,0,0,0,0,0,0.0952,7.251811973
Compound_35,0.9933,2.3607,0.3585,0.4728,0.5838,0.8424,0.6926,0.8069,0.5749,1.192,0,0.4373,0.465,0,0,0.4473,0.3696,0,0,0,0,0,0,0,0,0,0,0,0,0,0,0,0,0,0,0,0,0,0,0,0,0,0.0952,7.251811973
Compound_36,0.9656,2.5616,0.3274,0.5527,0.8135,0.6171,0.8047,0.414,0.6038,1.1121,0.364,0.4129,0,0,0,0.7103,0.4673,0,0,0,0,0,0,0,0,0,0,0,0,0,0,0,0,0,0,0,0,0,0,0,0,0,0.1006,8.045757491
Compound_36,0.9922,2.182,0.4861,0.4484,0.5128,0,0.9723,0.3674,0.3707,0.899,0,0,0.455,0,0,0,0,0.4284,0,0,0,0,0,0,0,0,0,0,0,0,0,0,0,0,0,0,0,0,0,0,0,0,0.1006,8.045757491
Compound_36,0.9911,2.333,0.3929,0.5372,0.5394,0.4284,0.8946,0.5161,0.4928,0.9745,0,0.4761,0.4628,0,0,0,0.3441,0.3341,0,0,0,0,0,0,0,0,0,0,0,0,0,0,0,0,0,0,0,0,0,0,0,0,0.1006,8.045757491
Compound_37,1,2.1809,0.4695,0.3452,0.5583,0.4417,0.8457,0.5594,0.5128,0.8513,0,0.4129,0.8535,0,0,0.667,0.424,0,0,0,0,0,0,0.3097,0,0.414,0,0,0,0,0,0,0,0,0,0,0,0,0,0,0,0,0.113,5.896196279
Compound_37,0.9922,2.2087,0.4084,0.465,0.4295,0.7336,0.7048,0.8091,0.5805,1.4695,0.3496,0.6349,0.7003,0,0,0.889,0.4073,0.3574,0,0,0,0,0,0,0,0,0,0,0,0,0,0,0,0,0,0,0,0,0,0,0,0,0.113,5.896196279
Compound_37,0.9967,2.202,0.3685,0.4628,0.4173,0.606,0.6981,0.8069,0.5771,1.5782,0.3496,0.6004,0.8302,0,0,0.9501,0.4761,0.3185,0,0,0,0,0,0,0,0,0,0,0,0,0,0,0,0,0,0,0,0,0,0,0,0,0.113,5.896196279
Compound_38,0.98,2.1365,0,0.4883,0.9645,0.4983,0.7669,0.4007,0.4562,1.2719,0.343,0.3085,0.6415,0,0,0.5749,0.4817,0,0,0,0,0,0,0,0,0,0,0,0,0,0,0,0,0,0,0,0,0,0,0,0,0,0.061,7.337242168
Compound_38,0.9889,2.343,0.364,0.4428,0.9079,0.3674,0.9234,0.3818,0.4417,0.9256,0.3274,0.404,0.5572,0,0,0,0.384,0,0,0,0,0,0,0,0,0,0,0,0,0,0,0,0,0,0,0,0,0,0,0,0,0,0.061,7.337242168
Compound_38,0.9789,2.3541,0,0.4928,0.7325,0.475,0.9101,0.3951,0.5416,0.5505,0,0.3851,0.5882,0,0,0,0.444,0,0,0,0,0,0,0,0,0,0,0,0,0,0,0,0,0,0,0,0,0,0,0,0,0,0.061,7.337242168
Compound_39,0.9822,2.3751,0.3762,0.4484,0.7492,0.5339,0.8568,0.5649,0.4872,0.9789,0.3441,0.4528,0.3596,0,0,0,0,0,0,0,0,0,0.3962,0,0,0,0,0,0,0,0,0,0,0,0,0,0,0,0,0,0,0,0.0531,7.48148606
Compound_39,0.9889,2.4784,0.313,0.4684,0.818,0.616,0.8058,0.5771,0.5727,0.9068,0,0.6127,0.4628,0,0,0,0.4362,0,0,0,0,0,0.4695,0,0,0,0,0,0,0,0,0,0,0,0,0,0,0,0,0,0,0,0.0531,7.48148606
Compound_39,0.9911,2.2286,0,0.4728,0.7159,0.4173,0.8768,0.4739,0.4573,0.9789,0.3651,0.4251,0.566,0,0,0,0.434,0,0,0,0,0,0,0,0,0,0,0,0,0,0,0,0,0,0,0,0,0,0,0,0,0,0.0531,7.48148606
Compound_4,1.0699,2.2963,0.414,0.4761,0.5605,0.303,0.8502,0.4018,0.4939,1.0644,0,0,0.505,0,0,0.5605,0,0.3973,0,0,0,0.3518,0,0,0,0,0,0,0,0,0,0,0,0,0,0,0,0,0,0,0,0,0.1061,7.823908741
Compound_4,1.0832,2.2697,0.4961,0.4761,0.6027,0.3973,0.8124,0.4817,0.4895,0.8812,0.3152,0.3518,0.5871,0,0,0.3707,0,0.3163,0,0,0,0.3984,0,0,0,0,0,0.3196,0,0,0,0,0,0,0,0,0,0,0,0,0,0,0.1061,7.823908741
Compound_4,1.0233,2.3507,0.4562,0.4606,0.4906,0.4595,0.8757,0.5494,0.596,0.9711,0,0.6315,0.394,0,0,0,0,0.3085,0,0,0,0,0,0,0,0,0,0,0,0,0,0,0,0,0,0,0,0,0,0,0,0,0.1061,7.823908741
Compound_40,0.9811,2.3285,0.3696,0.4528,0.7259,0.3918,0.8646,0.4317,0.4661,0.9179,0,0.485,0.6082,0,0,0,0.374,0,0,0,0,0,0,0,0,0,0,0,0,0,0,0,0,0,0,0,0,0,0,0,0,0,0.0716,8.045757491
Compound_40,0.99,2.3208,0.374,0.4828,0.5871,0.3696,0.8912,0.505,0.4451,0.8812,0,0.3774,0.4484,0,0,0,0.3174,0,0,0,0,0,0,0,0,0,0,0,0,0,0,0,0,0,0,0,0,0,0,0,0,0,0.0716,8.045757491
Compound_40,0.9878,2.2175,0.3629,0.4462,0.6471,0,0.8779,0.4306,0.4539,1.0433,0.3263,0.3651,0.4917,0,0,0,0.3862,0,0,0,0,0,0,0,0,0,0,0,0,0,0,0,0,0,0,0,0,0,0,0,0,0,0.0716,8.045757491
Compound_41,0.9889,2.6249,0,0.4295,1.2686,0.7092,0.9201,0.4162,0.5583,1.2608,0.3862,0.4073,0,0,0,0.5893,0.3796,0,0,0.3008,0,0,0,0,0,0,0,0,0,0,0,0,0,0,0,0,0,0,0,0,0,0,0.0917,6.03574037
Compound_41,0.9922,2.4029,0.4029,0.4628,0.6171,0.4695,0.7447,0.4994,0.6004,0.8935,0,0.4961,0.4262,0,0,0,0.3208,0,0,0,0,0,0,0,0,0,0,0,0,0,0,0,0,0,0,0,0,0,0,0,0,0,0.0917,6.03574037
Compound_41,0.9933,2.4107,0.4317,0.4828,0.7192,0.6027,0.8368,0.5849,0.4928,0.7814,0,0.4362,0.6082,0,0,0,0.3873,0,0,0,0,0,0,0,0,0,0,0,0,0,0,0,0,0,0,0,0,0,0,0,0,0,0.0917,6.03574037
Compound_42,0.9945,2.1909,0.4229,0.465,0.6748,0.4384,0.8546,0.5405,0.4639,1.0666,0,0.4517,0.5727,0,0,0.4994,0.3552,0,0,0,0,0,0,0,0,0,0,0,0,0,0,0,0,0,0,0,0,0,0,0,0,0,0.1664,5
Compound_42,0.9845,2.232,0.4684,0.4806,0.6182,0.3485,0.9079,0.4062,0.4739,0.9867,0,0.4129,0.5938,0,0,0,0.3219,0.3185,0,0,0,0,0,0,0,0,0,0,0,0,0,0,0,0,0,0,0,0,0,0,0,0,0.1664,5
Compound_42,0.9878,2.2186,0.3996,0.4872,0.6826,0.3818,0.8224,0.4639,0.4373,0.9867,0,0.3751,0.6437,0,0,0.424,0.3407,0,0,0,0,0,0,0,0,0,0,0,0,0,0,0,0,0,0,0,0,0,0,0,0,0,0.1664,5
Compound_43,0.9856,2.2031,0.4673,0.4895,0.5794,0.5505,0.879,0.6881,0.4706,1.1243,0,0.3762,0.6559,0,0,0.7225,0.3396,0.3718,0,0,0,0,0,0,0,0,0,0,0,0,0,0,0,0,0,0,0,0,0,0,0,0,0.0747,6.256490235
Compound_43,0.9922,2.2486,0.5017,0.4573,0.7902,0.6659,0.8801,0.5816,0.3651,1.1265,0,0,0.5938,0,0,0.5072,0.3607,0.3085,0,0,0,0,0,0,0,0,0,0,0,0,0,0,0,0,0,0,0,0,0,0,0,0,0.0747,6.256490235
Compound_43,0.9922,2.2797,0.475,0.475,0.6859,0.626,0.9034,0.6238,0.414,0.9046,0,0.3896,0.6193,0,0,0.3862,0.394,0,0,0,0,0,0,0,0,0,0,0,0,0,0,0,0,0,0,0,0,0,0,0,0,0,0.0747,6.256490235
Compound_45,0.9889,2.1765,0.4273,0.5139,0.6093,0.4883,0.8424,0.4928,0.5061,0.727,0,0.4584,0.9234,0,0,0,0,0,0,0,0,0,0,0,0,0,0,0,0,0,0,0,0,0,0,0,0,0,0,0,0,0,0.119,6.978810701
Compound_45,0.9889,2.1987,0.3541,0.4661,0.6881,0.5372,0.899,0.4229,0.4717,0.7769,0,0.4107,0,0,0,0,0,0,0,0,0,0,0,0,0,0,0,0,0,0,0,0,0,0,0,0,0,0,0,0,0,0,0.119,6.978810701
Compound_45,0.99,2.1853,0.4206,0.4528,0.7747,0.5216,0.9401,0.3618,0.3807,0.8191,0,0.3663,0.7203,0,0,0,0,0,0,0,0,0,0,0,0,0,0,0,0,0,0,0,0,0,0,0,0,0,0,0,0,0,0.119,6.978810701
Compound_46,0.9789,1.8602,0.434,0.4861,0.6349,0,0.8202,0.3929,0.4983,0.8757,0,0.4317,0.6027,0,0,0.3896,0,0.333,0,0,0,0,0,0,0,0,0,0,0,0,0,0,0,0,0,0,0,0,0,0,0,0,0.115,6.058985756
Compound_46,0.9845,1.9223,0.4306,0.5094,0.5638,0,0.7836,0.5372,0.5594,1.0544,0.3019,0.5849,0.8668,0,0,0.5028,0,0.3108,0,0,0,0,0,0,0,0,0,0,0,0,0,0,0,0,0,0,0,0,0,0,0,0,0.115,6.058985756
Compound_46,0.9989,1.8324,0.4107,0.4506,0.7647,0.7836,0.636,0.5339,0.6115,1.4528,0.3685,0.3418,0.7248,0,0,0.7492,0,0.4317,0,0,0,0,0,0,0,0,0,0,0,0,0,0,0,0,0,0,0,0,0,0,0,0,0.115,6.058985756
Compound_47,0.9334,2.596,0,0.414,1.0133,0.343,0.6548,0.3696,0.7248,1.01,0.3563,0.3141,0,0,0,0,0,0,0,0,0,0,0,0,0,0,0,0,0,0,0,0,0,0,0,0,0,0,0,0,0,0,0.0555,7.568636236
Compound_47,0.99,1.8646,0.4306,0.5272,0.7092,0.556,0.7969,0.6204,0.4628,1.2064,0.3529,0.3352,0.626,0,0.3141,0.6626,0.6393,0.3729,0,0,0,0,0,0,0,0,0,0,0.3352,0,0,0,0,0,0,0,0,0,0,0,0,0,0.0555,7.568636236
Compound_47,0.8124,0.7403,0.4728,0.4839,0.5327,0.303,0.5139,0.3907,0.4939,0.929,0,0.3352,0,0,0,0.7536,0.4062,0.4095,0,0,0,0,0,0,0,0,0,0,0,0,0,0,0,0,0,0,0,0,0,0,0,0,0.0555,7.568636236
Compound_48,0.9856,1.9978,0.404,0.4606,0.6326,0,0.7137,0.5816,0.5649,0.8158,0.3374,0.5261,0.5727,0,0,0.4661,0.4306,0,0,0,0,0,0,0,0,0,0,0,0.4406,0.5505,0.3241,0,0,0,0,0,0,0,0,0,0,0,0.0358,7.397940009
Compound_48,0.9201,2.1931,0.3119,0.4306,0.8568,0.4739,0.7514,0,0.6526,1.2464,0,0.4473,0,0,0,0.4417,0.7325,0.4284,0,0,0,0,0,0,0,0,0,0,0.3762,0.4151,0,0,0,0,0,0,0,0,0,0,0,0,0.0358,7.397940009
Compound_48,0.97,2.0766,0.3341,0.4262,0.5627,0.4806,0.657,0,0.6826,1.1576,0,0.3307,0,0,0,0.485,0.6548,0.5105,0,0,0,0,0,0,0,0,0,0,0.444,0.364,0,0,0,0,0,0,0,0,0,0,0,0,0.0358,7.397940009
Compound_49,0.9989,2.0844,0.3552,0.4395,0.6726,0,1.0655,0.3196,0,0,0,0,0.8346,0,0.4917,0,0.3252,0,0,0,0,0,0,0,0,0.3141,0,0,0,0,0,0.3119,0,0,0,0,0,0,0,0,0,0,0.0703,7.468521083
Compound_49,0.9856,2.0832,0.3385,0.5228,0.5572,0,0.9023,0.5039,0.4584,0.5849,0,0.4306,0.7336,0,0,0,0,0.3219,0,0,0,0,0,0,0,0,0,0,0,0,0,0,0,0,0,0,0,0,0,0,0,0,0.0703,7.468521083
Compound_49,0.9856,2.1021,0.4395,0.4806,0.6604,0,0.9456,0.4817,0.4107,0.6304,0,0.3541,0.7336,0,0,0,0,0.3696,0,0,0,0,0,0,0,0,0,0,0,0,0,0,0,0,0,0,0,0,0,0,0,0,0.0703,7.468521083
Compound_5,0.9623,2.5283,0,0.4562,0.8624,0.4784,0.7214,0.3541,0.7292,1.1199,0.4861,0.323,0,0,0,0.4107,0.3307,0,0,0,0,0,0,0,0,0,0,0,0,0,0,0,0,0,0,0,0,0,0,0,0,0,0.112,5.187420845
Compound_5,0.9467,2.5405,0,0.4528,0.9012,0.5549,0.7281,0,0.7203,1.1021,0.3618,0.3452,0,0,0,0.3485,0,0,0,0,0,0,0,0,0,0,0,0,0,0,0,0,0,0,0,0,0,0,0,0,0,0,0.112,5.187420845
Compound_5,0.9645,2.7225,0,0.4362,1.1931,0.6504,0.9423,0,0.6016,1.0699,0.3496,0.4495,0,0,0,0.6704,0.5039,0,0,0.3718,0,0,0,0,0,0,0,0,0,0,0,0,0,0,0,0,0,0,0,0,0,0,0.112,5.187420845
Compound_51,0.9911,2.2886,0.3574,0.5316,0.7236,0.5416,0.9345,0.4462,0.3585,1.1099,0.3629,0,0.3052,0,0,0.3385,0,0,0,0,0,0,0,0,0,0,0,0,0,0,0,0,0,0,0,0,0,0,0,0,0,0,0.096,7.638272164
Compound_51,0.9867,2.4428,0.3962,0.4639,0.6615,0.6626,0.7414,0.6349,0.5472,1.1265,0.3452,0.535,0,0,0,0.4495,0,0,0,0,0,0,0,0,0,0,0,0,0,0,0,0,0,0,0,0,0,0,0,0,0,0,0.096,7.638272164
Compound_51,0.9933,2.4084,0.4195,0.4939,0.6826,0.4628,0.8746,0.455,0.3984,1.0011,0.3407,0.3663,0,0,0,0,0,0,0,0,0,0,0,0,0,0,0,0,0,0,0,0,0,0,0,0,0,0,0,0,0,0,0.096,7.638272164
Compound_52,0.98,2.3774,0.4517,0.5006,0.6915,0,0.939,0.5105,0.404,0.9589,0,0.5117,0.606,0,0,0.5516,0,0,0,0,0,0.4595,0,0,0,0,0,0,0,0,0,0,0,0,0,0,0,0,0,0,0,0,0.0729,7.619788758
Compound_52,0.9856,2.3574,0.4772,0.4351,0.7492,0.3785,0.8879,0.4595,0.3762,1.0533,0,0.4095,0.6593,0.3385,0,0.6104,0.3185,0,0,0,0,0.4528,0,0,0,0,0,0,0,0,0,0,0,0,0,0,0,0,0,0,0,0,0.0729,7.619788758
Compound_52,0.9745,2.3962,0.4739,0.394,0.8557,0.4784,0.8235,0.5516,0.4029,0.9567,0,0.4417,0.7048,1.1953,0.7259,0.7991,0.3873,0,0,0,0.3241,0.586,0,0.5816,0,0,0,0,0,0,0,0,0.4195,0.3063,0.3063,0.4706,0.7114,0,0,0,0,0,0.0729,7.619788758
Compound_53,0.9822,2.2819,0.4284,0.4451,0.4784,0,0.9711,0.364,0.394,0.7847,0,0.3452,0.5627,0,0.4095,0,0.3385,0.3341,0,0,0.3629,0,0,0,0,0,0,0.5416,0,0,0,0,0,0,0,0,0,0,0,0,0,0,0.0659,7.468521083
Compound_53,0.9723,2.2653,0.4861,0.4706,0.6282,0.3252,0.8912,0.3818,0.4229,0.8391,0,0.3529,0.6792,0,0,0,0.4151,0,0,0,0,0,0,0,0,0,0,0,0,0,0,0,0,0,0,0,0,0.3529,0,0,0,0,0.0659,7.468521083
Compound_53,0.9689,2.2464,0.4273,0.4906,0.5361,0,0.8935,0.4495,0.4872,0.9512,0,0.4451,0.7081,0,0,0.3352,0.3651,0.3041,0,0,0,0,0,0,0,0,0,0,0,0,0,0,0,0,0,0,0,0,0,0,0,0,0.0659,7.468521083
Compound_54,0.9856,2.2808,0.4695,0.5028,0.4872,0.4906,0.7347,0.596,0.5383,0.9523,0,0.5816,0.4906,0,0,0,0.3418,0.3541,0,0,0,0,0,0.313,0,0,0,0,0,0,0,0,0,0,0,0,0,0,0,0,0,0,0.0432,7.585026652
Compound_54,0.9822,2.0899,0.4828,0.4539,0.6149,0.3219,0.8357,0.4506,0.404,0.9911,0,0,0.5305,0,0.8524,0.4595,0,0.4295,0,0,0,0,0,0,0,0,0,1.2941,0,0,0,0,0,0,0,0,0,0,0,0,0,0,0.0432,7.585026652
Compound_54,0.9756,2.1443,0.4173,0.475,0.6737,0.4784,0.7547,0.4895,0.4284,1.0511,0.3374,0.4795,0.5705,0,0,0.4395,0.5261,0,0,0,0,0,0,0,0,0,0,0,0,0,0,0,0,0,0,0,0,0,0,0,0,0,0.0432,7.585026652
Compound_55,0.9811,2.4062,0.4229,0.4262,0.5494,0.3696,0.8801,0.4639,0.5572,0.8291,0.3973,0.5117,0.4018,0,0,0,0,0,0,0,0,0,0,0,0,0,0,0,0,0,0,0,0,0,0,0,0,0,0,0,0,0,0.0718,8.397940009
Compound_55,0.9878,2.3385,0.3496,0.4484,0.6903,0,0.919,0.3984,0.6437,0.8169,0.3507,0.3707,0.4395,0,0.5028,0,0,0,0,0,0,0,0,0,0,0,0,0,0,0,0,0,0,0,0,0,0,0,0,0,0,0,0.0718,8.397940009
Compound_55,0.99,2.4595,0.3818,0.4351,0.5871,0.3851,0.8391,0.475,0.5461,1.0144,0.444,0.4562,0.4539,0,0,0,0.3663,0,0,0,0,0,0,0,0,0,0,0,0,0,0,0,0,0,0,0,0,0,0,0,0,0,0.0718,8.397940009
Compound_56,1.2875,2.2963,0.4661,0.4895,0.5805,0.5183,0.737,0.6815,0.5172,1.2408,0.3108,0.4895,0.7026,0,0,0.7802,0.3485,0,0,0,0,0.4861,0,0,0,0,0,0,0,0,0,0,0,0,0,0,0,0,0,0,0,0,0.0303,7.886056648
Compound_56,1.2342,2.4229,0.4251,0.4595,0.6426,0.4983,0.7902,0.4295,0.5216,1.0067,0.3019,0.343,0.5749,0,0,0.3674,0.3485,0,0,0,0,0.3529,0,0,0,0,0,0,0,0,0,0,0,0,0,0,0,0,0,0,0,0,0.0303,7.886056648
Compound_56,1.3685,2.4317,0.3319,0.4528,1.0699,0.3441,0.9822,0.3141,0.4151,0.9567,0,0.3407,0.576,0,0,0.3185,0.4295,0,0,0,0,0.3651,0,0,0,0,0,0,0,0,0,0,0,0,0,0,0,0,0.3163,0,0,0,0.0303,7.886056648
Compound_57,1.0699,2.3452,0.4218,0.455,0.7125,0.5782,0.8546,0.5871,0.4673,0.9356,0,0.3951,0.5771,0,0,0.3407,0.4062,0,0,0,0,0.3607,0,0,0,0.6138,0,0,0,0,0,0,0,0,0,0,0,0,0,0,0,0,0.0382,8.045757491
Compound_57,1.0455,2.3574,0.4118,0.4972,0.6304,0.424,0.8424,0.5405,0.4939,0.9334,0.3185,0.4584,0.5649,0,0,0,0.3418,0,0,0,0,0.4506,0,0,0,0,0,0,0,0,0,0,0,0,0,0,0,0,0,0,0,0,0.0382,8.045757491
Compound_57,1.0877,2.4206,0.4473,0.4628,0.6304,0.4828,0.8047,0.5583,0.5538,0.8657,0.3263,0.5816,0.4184,0,0,0,0,0,0,0,0,0.4539,0,0,0,0,0,0,0,0,0,0,0,0,0,0,0,0,0,0,0,0,0.0382,8.045757491
Compound_58,1.0122,2.1509,0.5139,0.4739,0.7569,0.3829,0.9223,0.5893,0.3208,0.5871,0,0.3008,0.8269,0,0.4062,0.8002,0,0.6104,0.333,0,0.3396,0,0,0,0,0,0,0,0,0,0,0,0,0,0,0,0,0,0,0.3119,0,0,0.1211,5.046820399
Compound_58,1.1687,2.2131,0,0.3929,1.0988,0.5427,0.9922,0,0,1.04,0.3219,0.374,0,0,0,0.4684,0,0,0,0,0.3407,0,0,0,0,0,0,0,0,0,0,0,0,0,0,0,0,0,0,0.4162,0,0,0.1211,5.046820399
Compound_58,1.0078,2.3208,0.3896,0.4573,0.8968,0.5771,0.9811,0.626,0,0.9734,0.3241,0.3607,0.5527,0,0,0.3352,0.3341,0.4417,0,0,0.3185,0,0,0,0,0,0,0,0,0,0,0,0,0,0,0,0,0,0,0,0,0,0.1211,5.046820399
Compound_59,0.9545,2.3208,0.3785,0.4506,1,0.3685,1.1731,0.3396,0,1.081,0,0.4306,0.515,0,0,0.3973,0,0.4406,0,0.3052,0.3896,0,0,0,0,0,0,0,0,0,0,0,0,0,0,0,0,0,0,0.3052,0,0,0.1061,5
Compound_59,0.9079,2.3441,0.3663,0.4229,1.0832,0.3485,1.1376,0.3174,0,0.9734,0,0.3363,0.5716,0,0,0.3363,0,0.4772,0,0,0.3463,0,0,0,0,0,0,0,0,0,0,0,0,0,0,0,0,0,0,0.333,0,0,0.1061,5
Compound_59,0.9767,2.2464,0.3585,0.4195,0.9445,0.5361,1.0688,0.5094,0,1.2264,0,0.3285,0.5627,0,0,0.5216,0.3296,0.5438,0,0,0.3041,0,0,0,0,0,0,0,0,0,0,0,0,0,0,0,0,0,0,0,0,0,0.1061,5
Compound_6,0.9922,2.273,0.3374,0.4772,0.859,0.5372,0.8657,0.4673,0.4695,0.9101,0,0.4939,0.495,0,0.3774,0.3385,0.4451,0,0,0,0,0,0,0,0,0,0,0,0,0,0,0,0,0,0,0,0,0,0,0,0,0,0.1003,6.063486258
Compound_6,0.9856,2.141,0.3541,0.5183,0.7858,0.5283,0.7758,0.5017,0.5017,1.192,0.3518,0.535,0.5993,0,0,0.5294,0.4051,0,0,0,0,0,0,0,0,0,0,0,0,0,0,0,0,0,0,0,0,0,0,0,0,0,0.1003,6.063486258
Compound_6,0.99,2.3196,0.3674,0.4517,0.7114,0.566,0.8579,0.4839,0.475,1.0433,0.3174,0.4107,0.4329,0,0,0.3529,0.4062,0,0,0,0,0,0,0,0,0,0,0,0,0,0,0,0,0,0,0,0,0,0,0,0,0,0.1003,6.063486258
Compound_60,0.9822,2.1609,0.4118,0.4839,0.6016,0,0.9756,0.5239,0,0.7181,0.364,0,0.6049,0,0,0,0.3396,0.4107,0,0,0,0,0,0,0,0,0,0,0,0,0,0,0,0,0,0,0,0,0,0,0,0,0.1128,7.366531544
Compound_60,0.8901,2.0832,0.3707,0.4373,0.7492,0.5094,0.8901,0.6748,0,1.1321,0.3418,0,0.5339,0,0,0.5893,0.4173,0.364,0,0,0,0,0,0,0,0,0,0,0,0,0,0,0,0,0,0,0,0,0,0,0.3241,0,0.1128,7.366531544
Compound_60,0.9578,2.3585,0.4051,0.3984,0.6937,0.4761,0.9245,0.5905,0,0.9201,0,0,0.6315,0,0,0,0.3929,0.3307,0,0,0,0,0,0,0,0,0,0,0,0,0,0,0,0,0,0,0,0,0,0,0,0,0.1128,7.366531544
Compound_65,0.9922,2.3019,0.364,0.4395,0.6293,0.3474,0.8846,0.414,0.4717,0.9656,0,0.4184,0.5438,0,0,0,0.3529,0,0,0,0,0,0,0,0,0,0,0,0,0,0,0,0,0,0,0,0,0,0,0,0,0,0.0829,7.366531544
Compound_65,0.9612,2.4828,0.3574,0.4384,0.6504,0.505,0.8169,0.3918,0.5794,1.131,0.3374,0,0.5638,0,0,0.7037,0.4051,0.3729,0,0,0,0,0,0,0,0,0,0,0,0,0,0,0,0,0,0,0,0,0,0,0,0,0.0829,7.366531544
Compound_65,0.9845,1.9334,0.3674,0.5128,0.7525,0.4273,0.8313,0.5205,0.4317,1.1765,0.3896,0.3263,0.5727,0,0,0.6182,0.4484,0,0,0,0,0,0,0,0,0,0,0,0,0,0,0,0,0,0,0,0,0,0,0,0,0,0.0829,7.366531544
Compound_66,0.9978,2.3896,0.4007,0,0.7791,0.8013,0.8024,0.6604,0.4484,1.1077,0,0.3485,0.3851,0,0,0.4817,0.4118,0,0,0,0,0,0,0,0,0,0,0,0,0,0,0,0,0,0,0,0,0,0,0,0,0,0.0553,6.841637508
Compound_66,0.9323,2.081,0.3219,0,0.606,0.3685,0.7925,0.3896,0.5339,0.495,0,0.3696,0.8713,0,0,0.4384,0.4173,0,0,0.3219,0,0,0,1.0644,0,0,0,0,0,0,0,0.4029,0,0,0,0,0,0,0,0,0,1.2464,0.0553,6.841637508
Compound_66,0.99,2.3529,0.3063,0,0.7358,0.6837,0.7081,0.5771,0.4928,1.2686,0.3274,0.3962,0.3252,0,0,0.6138,0.4173,0,0,0,0,0,0,0,0,0,0,0,0,0,0,0,0,0,0,0,0,0,0,0,0,0,0.0553,6.841637508
Compound_67,0.9878,2.2764,0.6659,0.4173,0.5072,0.3219,0.9523,0.3929,0.4317,0.9489,0,0.3796,0.6049,0,0,0,0.3485,0,0,0.4473,0,0,0,0,0,0,0,0,0,0,0,0,0,0,0,0,0,0,0,0,0,0,0.0879,6.966576245
Compound_67,0.9945,2.0311,0.8147,0.4395,0.576,0,1.01,0.343,0.3307,1.2242,0.3274,0,0.7458,0,0,0.5827,0.404,0.3063,0,0.424,0,0,0,0,0,0,0,0,0,0,0,0,0,0,0,0,0,0,0,0,0,0,0.0879,6.966576245
Compound_67,0.9945,2.1165,0.6448,0.4639,0.6038,0.7958,0.7547,0.7536,0.5572,1.2852,0.3552,0.4051,0.5139,0,0,0.6582,0.4173,0,0,0.4095,0,0,0,0,0,0,0,0,0,0,0,0,0,0,0,0,0,0,0,0,0,0,0.0879,6.966576245
Compound_68,0.9856,2.1931,0.3352,0,0.5827,0.4462,0.7947,0.4772,0.4406,1.0244,0.3352,0,0.4983,0,0,0.3418,0.3674,0,0,0,0,0,0,0,0,0,0,0,0,0,0,0,0,0,0,0,0,0,0,0,0,0,0.1057,5.68697689
Compound_68,0.9922,2.293,0.3097,0,0.5339,0.3341,0.7814,0.4184,0.4473,0.8746,0,0.3574,0.6881,0,0,0,0.3929,0,0,0.3097,0,0,0,0,0,0,0,0,0,0,0,0,0,0,0,0,0,0,0,0,0,0,0.1057,5.68697689
Compound_68,0.9933,2.1765,0,0,0.6415,0.3552,0.9245,0,0,1.0322,0.3152,0,0.6792,0,0,0,0.3718,0,0,0,0,0,0,0,0,0,0,0,0,0,0,0,0,0,0,0,0,0,0,0,0,0,0.1057,5.68697689
Compound_69,0.9767,2.2431,0.596,0.4295,0.4528,0.333,0.889,0.4018,0.5105,0.9612,0.3474,0.4595,0.4673,0,0,0,0.3208,0,0,0.4362,0,0,0,0,0,0,0,0,0,0,0,0,0,0,0,0,0,0,0,0,0,0,0.0944,7.113509275
Compound_69,0.9922,2.283,0.6493,0.3885,0.6615,0.606,0.8801,0.5605,0.4806,1.0888,0.3263,0.4073,0.6903,0,0,0.3829,0.4639,0,0,0.4151,0,0,0,0,0,0,0,0,0,0,0,0,0,0,0,0,0,0,0,0,0,0,0.0944,7.113509275
Compound_69,0.9967,2.333,0.7103,0.3907,0.6282,0.3507,0.9534,0.3585,0.3596,0.7248,0,0,0.7103,0,0,0,0.394,0,0,0.3718,0,0,0,0.303,0,0,0,0,0,0,0,0,0,0,0,0,0,0,0,0,0,0,0.0944,7.113509275
Compound_7,0.9889,2.0744,0.3074,0.424,0.7703,0.3996,0.8768,0.4151,0.4384,0.96,0,0.3507,0.6127,0,0,0,0.4273,0,0,0,0,0,0,0,0,0,0,0,0,0,0,0,0,0,0,0,0,0,0,0,0,0,0.1079,7.259637311
Compound_7,0.99,2.3818,0.3529,0.4628,0.8657,0.4617,0.9134,0.4584,0.4695,0.9889,0,0.4018,0.5871,0,0,0,0.4451,0,0,0,0,0,0,0,0,0,0,0,0,0,0,0,0,0,0,0,0,0,0,0,0,0,0.1079,7.259637311
Compound_7,0.9867,2.303,0.3063,0.4284,0.7669,0.4107,0.9401,0.444,0.4717,1,0.3529,0.4539,0.6226,0,0,0,0.4473,0,0,0,0,0,0,0,0,0,0,0,0,0,0,0,0,0,0,0,0,0,0,0,0,0,0.1079,7.259637311
Compound_70,0.9845,2.2653,0.3474,0.3896,0.5971,0.364,0.9312,0.3529,0.3707,0.9467,0,0.3063,0.5649,0,0,0,0.3518,0,0,0,0,0,0,0,0,0,0,0,0,0,0,0,0,0,0,0,0,0,0,0,0,0,0.2986,5.061330199
Compound_70,0.9956,2.3896,0.3196,0.3685,0.5671,0.5161,0.9345,0.5339,0.505,0.5871,0,0.3929,0.5572,0.4451,0.6648,0.3829,0.3818,0,0,0,0,0,0,0.384,0,0,0,0,0,0,0,0,0,0,0,0,0,0,0,0,0,0,0.2986,5.061330199
Compound_70,0.9911,2.3585,0.4306,0.4728,0,0.3108,0.899,0.6659,0.495,0.859,0,0.5072,0.6016,0,0,0,0.3441,0,0,0,0,0,0,0,0,0,0,0,0,0,0,0,0,0,0,0,0,0,0,0,0,0,0.2986,5.061330199
Compound_8,0.9834,2.2497,0.4173,0.5061,0.6271,0.303,0.9168,0.3762,0.515,0.97,0.3307,0.4562,0.4073,0,0,0,0,0,0,0,0,0,0,0,0,0,0,0,0,0,0,0,0,0,0,0,0,0,0,0,0,0,0.0514,7.508638306
Compound_8,0.9933,2.4306,0.4428,0.4695,0.6759,0.5905,0.8546,0.5527,0.4395,1.02,0.3219,0.3851,0,0,0,0,0,0,0,0,0,0,0,0,0,0,0,0,0,0,0,0,0,0,0,0,0,0,0,0,0,0,0.0514,7.508638306
Compound_8,0.9922,2.3041,0.4584,0.4606,0.6138,0.4129,0.8901,0.4661,0.5194,0.9334,0,0.4906,0.505,0,0,0.3529,0.3108,0,0,0,0,0,0,0,0,0,0,0,0,0,0,0,0,0,0,0,0,0,0,0,0,0,0.0514,7.508638306
